Workbook

Sheet Assignment
B2: Assignment
B4: Market Size & Forecast
B5: Q1. Estimate the size of the China semiconductor market from FY2020 to FY2025.
B6: Q2. Segment Analysis: Estimate segment and geographich (global vs China) analysis
B8: Output: Excel
B9: Instructions: Include screenshots and cite sources for every calculation, clearly indicating where the data has been obtained from.
B11: Industry Report
B12: Q1. Analyze trends shaping the Semiconductor industry in China. Focus on drivers behind the trend, implications and risk assessment.
B14: Output: Word or PPT
B15: Instructions: Provide complete working folder with all secondary source backup files

Sheet 1_Market_Data
A1: Year | B1: China Market (USD bn) | C1: Global Market (USD bn) | D1: China Data Status | E1: Source ID | F1: Notes / Definition
A2: 2020 | B2: 151 | C2: 440.4 | D2: Published | E2: S01 | F2: China regional semiconductor sales; sales to electronic equipment makers in China.
A3: 2021 | B3: 192 | C3: 555.9 | D3: Published | E3: S01 | F3: Same regional-market definition as SIA Factbook/WSTS.
A4: 2022 | B4: 180 | C4: 574.1 | D4: Published | E4: S01 | F4: Same regional-market definition as SIA Factbook/WSTS.
A5: 2023 | B5: 153 | C5: 526.8 | D5: Published | E5: S01 | F5: Same regional-market definition as SIA Factbook/WSTS.
A6: 2024 | B6: 151 | C6: 630.5 | D6: Published | E6: S01/S02 | F6: China figure from SIA Factbook regional series; global figure from SIA 2025 annual release.
A7: 2025 | B7: =B6*(1+17.3%) -> 177.123 | C7: 791.7 | D7: Estimated | E7: S02 (estimate) | F7: Estimate = 2024 China regional sales of $151bn × (1 + SIA-reported 2025 China growth of 17.3%). Rounded base; not a directly reported 2025 China annual market value. Accessed 15 Oct 2026.
A9: Definition note | B9: China regional market measures sales to electronic equipment makers located in China, not production by Chinese-owned semiconductor companies. Do not mix this with domestic chip production, imports/consumption, or company-HQ market share.
A10: 2025 caveat | B10: The 2025 China value is a calculated estimate using rounded 2024 base data and reported annual growth. If GlobalData requires a directly reported value, replace it only with a verified annual China value from a consistent source.

Sheet 2_Growth_Analysis
A1: Year | B1: China Market (USD bn) | C1: Global Market (USD bn) | D1: China YoY Growth (%) | E1: Global YoY Growth (%) | F1: China Share of Global (%)
A2: ='1_Market_Data'!A2 -> 2020 | B2: ='1_Market_Data'!B2 -> 151 | C2: ='1_Market_Data'!C2 -> 440.4 | D2: =IFERROR(B2/B1-1,"") | E2: =IFERROR(C2/C1-1,"") | F2: =B2/C2 -> 0.34287012
A3: ='1_Market_Data'!A3 -> 2021 | B3: ='1_Market_Data'!B3 -> 192 | C3: ='1_Market_Data'!C3 -> 555.9 | D3: =IFERROR(B3/B2-1,"") -> 0.27152318 | E3: =IFERROR(C3/C2-1,"") -> 0.26226158 | F3: =B3/C3 -> 0.34538586
A4: ='1_Market_Data'!A4 -> 2022 | B4: ='1_Market_Data'!B4 -> 180 | C4: ='1_Market_Data'!C4 -> 574.1 | D4: =IFERROR(B4/B3-1,"") -> -0.0625 | E4: =IFERROR(C4/C3-1,"") -> 0.032739701 | F4: =B4/C4 -> 0.31353423
A5: ='1_Market_Data'!A5 -> 2023 | B5: ='1_Market_Data'!B5 -> 153 | C5: ='1_Market_Data'!C5 -> 526.8 | D5: =IFERROR(B5/B4-1,"") -> -0.15 | E5: =IFERROR(C5/C4-1,"") -> -0.082389828 | F5: =B5/C5 -> 0.2904328
A6: ='1_Market_Data'!A6 -> 2024 | B6: ='1_Market_Data'!B6 -> 151 | C6: ='1_Market_Data'!C6 -> 630.5 | D6: =IFERROR(B6/B5-1,"") -> -0.013071895 | E6: =IFERROR(C6/C5-1,"") -> 0.1968489 | F6: =B6/C6 -> 0.23949247
A7: ='1_Market_Data'!A7 -> 2025 | B7: ='1_Market_Data'!B7 -> 177.123 | C7: ='1_Market_Data'!C7 -> 791.7 | D7: =IFERROR(B7/B6-1,"") -> 0.173 | E7: =IFERROR(C7/C6-1,"") -> 0.2556701 | F7: =B7/C7 -> 0.2237249
A9: China CAGR 2020–2025 | B9: =(B7/B2)^(1/5)-1 -> 0.032427591
A10: Global CAGR 2020–2025 | B10: =(C7/C2)^(1/5)-1 -> 0.12445652
A12: Methodology | B12: CAGR spans five annual intervals (2020 to 2025). China CAGR uses the estimated 2025 China value and is therefore an estimate. YoY for 2025 is also estimate-based.

Sheet 3_Segment_Analysis
A1: Segment | B1: 2024 Global Sales (USD bn) | C1: Share of Reported Segment Total | D1: YoY Change (2024) | E1: China-Specific Data Available? | F1: Interpretation / Source
A2: Logic | B2: 215.8 | C2: =B2/SUM($B$2:$B$10) -> 0.34221376 | D2: 0.208 | E2: No | F2: Global product segment from SIA Factbook, Section 2, p.9; not China-only.
A3: Memory | B3: 165.5 | C3: =B3/SUM($B$2:$B$10) -> 0.26244846 | D3: 0.793 | E3: No | F3: Global product segment from SIA Factbook, Section 2, p.9; strong 2024 rebound.
A4: Analog | B4: 79.6 | C4: =B4/SUM($B$2:$B$10) -> 0.12622899 | D4: -0.019 | E4: No | F4: Global product segment from SIA Factbook, Section 2, p.9.
A5: MPU | B5: 54.2 | C5: =B5/SUM($B$2:$B$10) -> 0.085949889 | D5: 0.196 | E5: No | F5: Global product segment from SIA Factbook, Section 2, p.9.
A6: Opto | B6: 41.1 | C6: =B6/SUM($B$2:$B$10) -> 0.065176023 | D6: -0.049 | E6: No | F6: Global product segment from SIA Factbook, Section 2, p.9.
A7: Discretes | B7: 31 | C7: =B7/SUM($B$2:$B$10) -> 0.049159531 | D7: -0.127 | E7: No | F7: Global product segment from SIA Factbook, Section 2, p.9.
A8: MCU | B8: 21.8 | C8: =B8/SUM($B$2:$B$10) -> 0.034570251 | D8: -0.219 | E8: No | F8: Global product segment from SIA Factbook, Section 2, p.9.
A9: Sensor | B9: 18.9 | C9: =B9/SUM($B$2:$B$10) -> 0.029971456 | D9: -0.041 | E9: No | F9: Global product segment from SIA Factbook, Section 2, p.9.
A10: DSP | B10: 2.7 | C10: =B10/SUM($B$2:$B$10) -> 0.0042816365 | D10: -0.156 | E10: No | F10: Global product segment from SIA Factbook, Section 2, p.9.
A11: Reported segment total | B11: =SUM(B2:B10) -> 630.6 | C11: =SUM(C2:C10) -> 1 | F11: Rounded category values; total may differ from total global market due to rounding/coverage.
A13: Important limitation | B13: The supplied SIA Factbook provides global product-segment sales, not a complete China-only breakdown by these same categories. Do not infer China segment values from global shares.

Sheet 4_Geographic_Analysis
A1: Geography | B1: 2024 Market (USD bn) | C1: 2024 YoY Growth | D1: Relationship / Notes | E1: Source
A2: Global | B2: 630.5 | D2: Global semiconductor sales; annual total. | E2: S02 / SIA annual release
A3: Americas | B3: 195 | C3: 0.45 | D3: Regional market in SIA Factbook graphic; regional values are rounded. | E3: S01 / Factbook Section 2, p.10
A4: Asia Pacific | B4: 333.4 | C4: 0.15 | D4: Largest regional market; includes China in the Factbook regional series. | E4: S01 / Factbook Section 2, p.10
A5: China | B5: 151 | C5: -0.01 | D5: China is a subset of Asia Pacific; do not add China to Asia Pacific when calculating regional totals. | E5: S01 / Factbook Section 2, p.10
A6: Europe | B6: 46 | C6: 0.08 | D6: Rounded regional value from Factbook graphic. | E6: S01 / Factbook Section 2, p.10
A7: Japan | B7: 46 | C7: 0 | D7: Rounded regional value from Factbook graphic. | E7: S01 / Factbook Section 2, p.10
A8: China (Dec 2025 monthly, 3-month moving average) | B8: 21.29 | C8: 0.341 | D8: Monthly value, not annual market size. December 2025 sales; +3.8% month-on-month. | E8: S03 / December 2025 table
A10: Comparability note | B10: Regional values from the Factbook graphic are rounded and China is explicitly shown as a subset of Asia Pacific. December 2025 is a monthly three-month moving average and cannot be compared directly with annual values.

Sheet 5_Sources
A1: Source ID | B1: Data used | C1: Publisher | D1: Live URL / source link | E1: Evidence / Locator | F1: Notes / limitations
A2: S01 | B2: China and regional annual market figures 2020–2024; global segment sales 2024; geographic context | C2: Semiconductor Industry Association (SIA) / WSTS | D2: https://www.semiconductors.org/wp-content/uploads/2025/05/2025-SIA-Factbook-FINAL.pdf | E2: Section 2: Global Market, printed pp. 8–10; regional chart on printed p.10; segment chart on printed p.9 | F2: China regional sales are sales to electronic equipment makers in China; China is a subset of Asia Pacific. Product-segment figures are global.
A3: S02 | B3: Global annual semiconductor sales 2024 and 2025; China annual growth 2025 | C3: SIA | D3: https://www.semiconductors.org/global-annual-semiconductor-sales-increase-25-6-to-791-7-billion-in-2025/ | E3: Annual release dated 6 February 2026; global 2025 sales $791.7bn, China annual growth +17.3% | F3: China 2025 value in this workbook is an estimate based on the rounded $151bn 2024 base; do not call it a directly reported value.
A4: S03 | B4: December 2025 monthly regional sales and growth | C4: SIA / WSTS (uploaded table) | D4: https://www.semiconductors.org/global-annual-semiconductor-sales-increase-25-6-to-791-7-billion-in-2025/ | E4: China: $21.29bn current month; +3.8% month-on-month; +34.1% year-on-year; three-month moving average | F4: Monthly data, not annual market size.
A5: S04 | B5: 2025 global sales and regional growth, alternate WSTS release | C5: World Semiconductor Trade Statistics (WSTS) | D5: https://www.wsts.org/76/103/Global-Semiconductor-Market-grows-26-in-2025-to-796B | E5: 2025 global sales $795.6bn (WSTS release) and China sales growth +17.9% | F5: Different release/vintage from SIA's $791.7bn figure. Do not mix series without explicit note.
A6: S05 | B6: 2026 China localization and export-control context | C6: Center for Strategic and International Studies (CSIS) | D6: https://www.csis.org/analysis/chinas-localization-drive-semiconductors-gains-impetus-allied-chip-export-controls | E6: Published 24 March 2026; analysis of export controls and localization drive | F6: Use for qualitative industry context; distinguish analysis from primary sales statistics.
A7: S06 | B7: 2026 China AI chip supply chain context | C7: CEIAS | D7: https://ceias.eu/where-chinas-ai-chip-supply-chain-stands-in-2026/ | E7: Published 11 June 2026; discusses domestic AI chip ecosystem and bottlenecks | F7: Secondary analysis; use with careful attribution.
A8: S07 | B8: 2026 semiconductor market trend outlook | C8: Omdia | D8: https://omdia.tech.informa.com/om143049/2026-trends-to-watch-semiconductors | E8: 2026 trends report: China market, AI demand and mature-node capacity | F8: Forecasts are projections, not actual results.
B10: S01_SIA_Factbook_Regional_Market.png | D10: S02_SIA_Global_Segments.png
B29: S03_December_2025_Regional_Sales.png
B60: S04_China_YoY_Formula.png | E60: S05_CAGR_Formula.png
B86: S06_China_Global_Share.png | E86: S07_Segment_Analysis.png
B106: S08_Geographic_Comparison.png
